WinWin0001,Abcd1234
WinWin0002,Abcd1234
WinWin0003,Abcd1234
WinWin0004,Abcd1234
WinWin0005,Abcd1234
WinWin0006,Abcd1234
WinWin0007,Abcd1234
WinWin0008,Abcd1234
WinWin0009,Abcd1234
WinWin0010,Abcd1234
WinWin0011,Abcd1234
WinWin0012,Abcd1234
WinWin0013,Abcd1234
WinWin0014,Abcd1234
WinWin0015,Abcd1234
WinWin0016,Abcd1234
WinWin0017,Abcd1234
WinWin0018,Abcd1234
WinWin0019,Abcd1234
WinWin0020,Abcd1234
WinWin0021,Abcd1234
WinWin0022,Abcd1234
WinWin0023,Abcd1234
WinWin0024,Abcd1234
WinWin0025,Abcd1234
WinWin0026,Abcd1234
WinWin0027,Abcd1234
WinWin0028,Abcd1234
WinWin0029,Abcd1234
WinWin0030,Abcd1234
WinWin0031,Abcd1234
WinWin0032,Abcd1234
WinWin0033,Abcd1234
WinWin0034,Abcd1234
WinWin0035,Abcd1234
WinWin0036,Abcd1234
WinWin0037,Abcd1234
WinWin0038,Abcd1234
WinWin0039,Abcd1234
WinWin0040,Abcd1234
WinWin0041,Abcd1234
WinWin0042,Abcd1234
WinWin0043,Abcd1234
WinWin0044,Abcd1234
WinWin0045,Abcd1234
WinWin0046,Abcd1234
WinWin0047,Abcd1234
WinWin0048,Abcd1234
WinWin0049,Abcd1234
WinWin0050,Abcd1234
WinWin0051,Abcd1234
WinWin0052,Abcd1234
WinWin0053,Abcd1234
WinWin0054,Abcd1234
WinWin0055,Abcd1234
WinWin0056,Abcd1234
WinWin0057,Abcd1234
WinWin0058,Abcd1234
WinWin0059,Abcd1234
WinWin0060,Abcd1234
WinWin0061,Abcd1234
WinWin0062,Abcd1234
WinWin0063,Abcd1234
WinWin0064,Abcd1234
WinWin0065,Abcd1234
WinWin0066,Abcd1234
WinWin0067,Abcd1234
WinWin0068,Abcd1234
WinWin0069,Abcd1234
WinWin0070,Abcd1234
WinWin0071,Abcd1234
WinWin0072,Abcd1234
WinWin0073,Abcd1234
WinWin0074,Abcd1234
WinWin0075,Abcd1234
WinWin0076,Abcd1234
WinWin0077,Abcd1234
WinWin0078,Abcd1234
WinWin0079,Abcd1234
WinWin0080,Abcd1234
WinWin0081,Abcd1234
WinWin0082,Abcd1234
WinWin0083,Abcd1234
WinWin0084,Abcd1234
WinWin0085,Abcd1234
WinWin0086,Abcd1234
WinWin0087,Abcd1234
WinWin0088,Abcd1234
WinWin0089,Abcd1234
WinWin0090,Abcd1234
WinWin0091,Abcd1234
WinWin0092,Abcd1234
WinWin0093,Abcd1234
WinWin0094,Abcd1234
WinWin0095,Abcd1234
WinWin0096,Abcd1234
WinWin0097,Abcd1234
WinWin0098,Abcd1234
WinWin0099,Abcd1234
WinWin0100,Abcd1234