Joker0001,Abcd1234
Joker0002,Abcd1234
Joker0003,Abcd1234
Joker0004,Abcd1234
Joker0005,Abcd1234
Joker0006,Abcd1234
Joker0007,Abcd1234
Joker0008,Abcd1234
Joker0009,Abcd1234
Joker0010,Abcd1234
Joker0011,Abcd1234
Joker0012,Abcd1234
Joker0013,Abcd1234
Joker0014,Abcd1234
Joker0015,Abcd1234
Joker0016,Abcd1234
Joker0017,Abcd1234
Joker0018,Abcd1234
Joker0019,Abcd1234
Joker0020,Abcd1234
Joker0021,Abcd1234
Joker0022,Abcd1234
Joker0023,Abcd1234
Joker0024,Abcd1234
Joker0025,Abcd1234
Joker0026,Abcd1234
Joker0027,Abcd1234
Joker0028,Abcd1234
Joker0029,Abcd1234
Joker0030,Abcd1234
Joker0031,Abcd1234
Joker0032,Abcd1234
Joker0033,Abcd1234
Joker0034,Abcd1234
Joker0035,Abcd1234
Joker0036,Abcd1234
Joker0037,Abcd1234
Joker0038,Abcd1234
Joker0039,Abcd1234
Joker0040,Abcd1234
Joker0041,Abcd1234
Joker0042,Abcd1234
Joker0043,Abcd1234
Joker0044,Abcd1234
Joker0045,Abcd1234
Joker0046,Abcd1234
Joker0047,Abcd1234
Joker0048,Abcd1234
Joker0049,Abcd1234
Joker0050,Abcd1234
Joker0051,Abcd1234
Joker0052,Abcd1234
Joker0053,Abcd1234
Joker0054,Abcd1234
Joker0055,Abcd1234
Joker0056,Abcd1234
Joker0057,Abcd1234
Joker0058,Abcd1234
Joker0059,Abcd1234
Joker0060,Abcd1234
Joker0061,Abcd1234
Joker0062,Abcd1234
Joker0063,Abcd1234
Joker0064,Abcd1234
Joker0065,Abcd1234
Joker0066,Abcd1234
Joker0067,Abcd1234
Joker0068,Abcd1234
Joker0069,Abcd1234
Joker0070,Abcd1234
Joker0071,Abcd1234
Joker0072,Abcd1234
Joker0073,Abcd1234
Joker0074,Abcd1234
Joker0075,Abcd1234
Joker0076,Abcd1234
Joker0077,Abcd1234
Joker0078,Abcd1234
Joker0079,Abcd1234
Joker0080,Abcd1234
Joker0081,Abcd1234
Joker0082,Abcd1234
Joker0083,Abcd1234
Joker0084,Abcd1234
Joker0085,Abcd1234
Joker0086,Abcd1234
Joker0087,Abcd1234
Joker0088,Abcd1234
Joker0089,Abcd1234
Joker0090,Abcd1234
Joker0091,Abcd1234
Joker0092,Abcd1234
Joker0093,Abcd1234
Joker0094,Abcd1234
Joker0095,Abcd1234
Joker0096,Abcd1234
Joker0097,Abcd1234
Joker0098,Abcd1234
Joker0099,Abcd1234
Joker0100,Abcd1234