Kiss8000,Abcd1234
Kiss8001,Abcd1234
Kiss8002,Abcd1234
Kiss8003,Abcd1234
Kiss8004,Abcd1234
Kiss8005,Abcd1234
Kiss8006,Abcd1234
Kiss8007,Abcd1234
Kiss8008,Abcd1234
Kiss8009,Abcd1234
Kiss8010,Abcd1234
Kiss8011,Abcd1234
Kiss8012,Abcd1234
Kiss8013,Abcd1234
Kiss8014,Abcd1234
Kiss8015,Abcd1234
Kiss8016,Abcd1234
Kiss8017,Abcd1234
Kiss8018,Abcd1234
Kiss8019,Abcd1234
Kiss8020,Abcd1234
Kiss8021,Abcd1234
Kiss8022,Abcd1234
Kiss8023,Abcd1234
Kiss8024,Abcd1234
Kiss8025,Abcd1234
Kiss8026,Abcd1234
Kiss8027,Abcd1234
Kiss8028,Abcd1234
Kiss8029,Abcd1234
Kiss8030,Abcd1234
Kiss8031,Abcd1234
Kiss8032,Abcd1234
Kiss8033,Abcd1234
Kiss8034,Abcd1234
Kiss8035,Abcd1234
Kiss8036,Abcd1234
Kiss8037,Abcd1234
Kiss8038,Abcd1234
Kiss8039,Abcd1234
Kiss8040,Abcd1234
Kiss8041,Abcd1234
Kiss8042,Abcd1234
Kiss8043,Abcd1234
Kiss8044,Abcd1234
Kiss8045,Abcd1234
Kiss8046,Abcd1234
Kiss8047,Abcd1234
Kiss8048,Abcd1234
Kiss8049,Abcd1234
Kiss8050,Abcd1234
Kiss8051,Abcd1234
Kiss8052,Abcd1234
Kiss8053,Abcd1234
Kiss8054,Abcd1234
Kiss8055,Abcd1234
Kiss8056,Abcd1234
Kiss8057,Abcd1234
Kiss8058,Abcd1234
Kiss8059,Abcd1234
Kiss8060,Abcd1234
Kiss8061,Abcd1234
Kiss8062,Abcd1234
Kiss8063,Abcd1234
Kiss8064,Abcd1234
Kiss8065,Abcd1234
Kiss8066,Abcd1234
Kiss8067,Abcd1234
Kiss8068,Abcd1234
Kiss8069,Abcd1234
Kiss8070,Abcd1234
Kiss8071,Abcd1234
Kiss8072,Abcd1234
Kiss8073,Abcd1234
Kiss8074,Abcd1234
Kiss8075,Abcd1234
Kiss8076,Abcd1234
Kiss8077,Abcd1234
Kiss8078,Abcd1234
Kiss8079,Abcd1234
Kiss8080,Abcd1234
Kiss8081,Abcd1234
Kiss8082,Abcd1234
Kiss8083,Abcd1234
Kiss8084,Abcd1234
Kiss8085,Abcd1234
Kiss8086,Abcd1234
Kiss8087,Abcd1234
Kiss8088,Abcd1234
Kiss8089,Abcd1234
Kiss8090,Abcd1234
Kiss8091,Abcd1234
Kiss8092,Abcd1234
Kiss8093,Abcd1234
Kiss8094,Abcd1234
Kiss8095,Abcd1234
Kiss8096,Abcd1234
Kiss8097,Abcd1234
Kiss8098,Abcd1234
Kiss8099,Abcd1234