Mega3000,Abcd1234
Mega3001,Abcd1234
Mega3002,Abcd1234
Mega3003,Abcd1234
Mega3004,Abcd1234
Mega3005,Abcd1234
Mega3006,Abcd1234
Mega3007,Abcd1234
Mega3008,Abcd1234
Mega3009,Abcd1234
Mega3010,Abcd1234
Mega3011,Abcd1234
Mega3012,Abcd1234
Mega3013,Abcd1234
Mega3014,Abcd1234
Mega3015,Abcd1234
Mega3016,Abcd1234
Mega3017,Abcd1234
Mega3018,Abcd1234
Mega3019,Abcd1234
Mega3020,Abcd1234
Mega3021,Abcd1234
Mega3022,Abcd1234
Mega3023,Abcd1234
Mega3024,Abcd1234
Mega3025,Abcd1234
Mega3026,Abcd1234
Mega3027,Abcd1234
Mega3028,Abcd1234
Mega3029,Abcd1234
Mega3030,Abcd1234
Mega3031,Abcd1234
Mega3032,Abcd1234
Mega3033,Abcd1234
Mega3034,Abcd1234
Mega3035,Abcd1234
Mega3036,Abcd1234
Mega3037,Abcd1234
Mega3038,Abcd1234
Mega3039,Abcd1234
Mega3040,Abcd1234
Mega3041,Abcd1234
Mega3042,Abcd1234
Mega3043,Abcd1234
Mega3044,Abcd1234
Mega3045,Abcd1234
Mega3046,Abcd1234
Mega3047,Abcd1234
Mega3048,Abcd1234
Mega3049,Abcd1234
Mega3050,Abcd1234
Mega3051,Abcd1234
Mega3052,Abcd1234
Mega3053,Abcd1234
Mega3054,Abcd1234
Mega3055,Abcd1234
Mega3056,Abcd1234
Mega3057,Abcd1234
Mega3058,Abcd1234
Mega3059,Abcd1234
Mega3060,Abcd1234
Mega3061,Abcd1234
Mega3062,Abcd1234
Mega3063,Abcd1234
Mega3064,Abcd1234
Mega3065,Abcd1234
Mega3066,Abcd1234
Mega3067,Abcd1234
Mega3068,Abcd1234
Mega3069,Abcd1234
Mega3070,Abcd1234
Mega3071,Abcd1234
Mega3072,Abcd1234
Mega3073,Abcd1234
Mega3074,Abcd1234
Mega3075,Abcd1234
Mega3076,Abcd1234
Mega3077,Abcd1234
Mega3078,Abcd1234
Mega3079,Abcd1234
Mega3080,Abcd1234
Mega3081,Abcd1234
Mega3082,Abcd1234
Mega3083,Abcd1234
Mega3084,Abcd1234
Mega3085,Abcd1234
Mega3086,Abcd1234
Mega3087,Abcd1234
Mega3088,Abcd1234
Mega3089,Abcd1234
Mega3090,Abcd1234
Mega3091,Abcd1234
Mega3092,Abcd1234
Mega3093,Abcd1234
Mega3094,Abcd1234
Mega3095,Abcd1234
Mega3096,Abcd1234
Mega3097,Abcd1234
Mega3098,Abcd1234
Mega3099,Abcd1234