Playboy0000,Abcd1234
Playboy0001,Abcd1234
Playboy0002,Abcd1234
Playboy0003,Abcd1234
Playboy0004,Abcd1234
Playboy0005,Abcd1234
Playboy0006,Abcd1234
Playboy0007,Abcd1234
Playboy0008,Abcd1234
Playboy0009,Abcd1234
Playboy0010,Abcd1234
Playboy0011,Abcd1234
Playboy0012,Abcd1234
Playboy0013,Abcd1234
Playboy0014,Abcd1234
Playboy0015,Abcd1234
Playboy0016,Abcd1234
Playboy0017,Abcd1234
Playboy0018,Abcd1234
Playboy0019,Abcd1234
Playboy0020,Abcd1234
Playboy0021,Abcd1234
Playboy0022,Abcd1234
Playboy0023,Abcd1234
Playboy0024,Abcd1234
Playboy0025,Abcd1234
Playboy0026,Abcd1234
Playboy0027,Abcd1234
Playboy0028,Abcd1234
Playboy0029,Abcd1234
Playboy0030,Abcd1234
Playboy0031,Abcd1234
Playboy0032,Abcd1234
Playboy0033,Abcd1234
Playboy0034,Abcd1234
Playboy0035,Abcd1234
Playboy0036,Abcd1234
Playboy0037,Abcd1234
Playboy0038,Abcd1234
Playboy0039,Abcd1234
Playboy0040,Abcd1234
Playboy0041,Abcd1234
Playboy0042,Abcd1234
Playboy0043,Abcd1234
Playboy0044,Abcd1234
Playboy0045,Abcd1234
Playboy0046,Abcd1234
Playboy0047,Abcd1234
Playboy0048,Abcd1234
Playboy0049,Abcd1234
Playboy0050,Abcd1234
Playboy0051,Abcd1234
Playboy0052,Abcd1234
Playboy0053,Abcd1234
Playboy0054,Abcd1234
Playboy0055,Abcd1234
Playboy0056,Abcd1234
Playboy0057,Abcd1234
Playboy0058,Abcd1234
Playboy0059,Abcd1234
Playboy0060,Abcd1234
Playboy0061,Abcd1234
Playboy0062,Abcd1234
Playboy0063,Abcd1234
Playboy0064,Abcd1234
Playboy0065,Abcd1234
Playboy0066,Abcd1234
Playboy0067,Abcd1234
Playboy0068,Abcd1234
Playboy0069,Abcd1234
Playboy0070,Abcd1234
Playboy0071,Abcd1234
Playboy0072,Abcd1234
Playboy0073,Abcd1234
Playboy0074,Abcd1234
Playboy0075,Abcd1234
Playboy0076,Abcd1234
Playboy0077,Abcd1234
Playboy0078,Abcd1234
Playboy0079,Abcd1234
Playboy0080,Abcd1234
Playboy0081,Abcd1234
Playboy0082,Abcd1234
Playboy0083,Abcd1234
Playboy0084,Abcd1234
Playboy0085,Abcd1234
Playboy0086,Abcd1234
Playboy0087,Abcd1234
Playboy0088,Abcd1234
Playboy0089,Abcd1234
Playboy0090,Abcd1234
Playboy0091,Abcd1234
Playboy0092,Abcd1234
Playboy0093,Abcd1234
Playboy0094,Abcd1234
Playboy0095,Abcd1234
Playboy0096,Abcd1234
Playboy0097,Abcd1234
Playboy0098,Abcd1234
Playboy0099,Abcd1234