Pussy0001,Abcd1234
Pussy0002,Abcd1234
Pussy0003,Abcd1234
Pussy0004,Abcd1234
Pussy0005,Abcd1234
Pussy0006,Abcd1234
Pussy0007,Abcd1234
Pussy0008,Abcd1234
Pussy0009,Abcd1234
Pussy0010,Abcd1234
Pussy0011,Abcd1234
Pussy0012,Abcd1234
Pussy0013,Abcd1234
Pussy0014,Abcd1234
Pussy0015,Abcd1234
Pussy0016,Abcd1234
Pussy0017,Abcd1234
Pussy0018,Abcd1234
Pussy0019,Abcd1234
Pussy0020,Abcd1234
Pussy0021,Abcd1234
Pussy0022,Abcd1234
Pussy0023,Abcd1234
Pussy0024,Abcd1234
Pussy0025,Abcd1234
Pussy0026,Abcd1234
Pussy0027,Abcd1234
Pussy0028,Abcd1234
Pussy0029,Abcd1234
Pussy0030,Abcd1234
Pussy0031,Abcd1234
Pussy0032,Abcd1234
Pussy0033,Abcd1234
Pussy0034,Abcd1234
Pussy0035,Abcd1234
Pussy0036,Abcd1234
Pussy0037,Abcd1234
Pussy0038,Abcd1234
Pussy0039,Abcd1234
Pussy0040,Abcd1234
Pussy0041,Abcd1234
Pussy0042,Abcd1234
Pussy0043,Abcd1234
Pussy0044,Abcd1234
Pussy0045,Abcd1234
Pussy0046,Abcd1234
Pussy0047,Abcd1234
Pussy0048,Abcd1234
Pussy0049,Abcd1234
Pussy0050,Abcd1234
Pussy0051,Abcd1234
Pussy0052,Abcd1234
Pussy0053,Abcd1234
Pussy0054,Abcd1234
Pussy0055,Abcd1234
Pussy0056,Abcd1234
Pussy0057,Abcd1234
Pussy0058,Abcd1234
Pussy0059,Abcd1234
Pussy0060,Abcd1234
Pussy0061,Abcd1234
Pussy0062,Abcd1234
Pussy0063,Abcd1234
Pussy0064,Abcd1234
Pussy0065,Abcd1234
Pussy0066,Abcd1234
Pussy0067,Abcd1234
Pussy0068,Abcd1234
Pussy0069,Abcd1234
Pussy0070,Abcd1234
Pussy0071,Abcd1234
Pussy0072,Abcd1234
Pussy0073,Abcd1234
Pussy0074,Abcd1234
Pussy0075,Abcd1234
Pussy0076,Abcd1234
Pussy0077,Abcd1234
Pussy0078,Abcd1234
Pussy0079,Abcd1234
Pussy0080,Abcd1234
Pussy0081,Abcd1234
Pussy0082,Abcd1234
Pussy0083,Abcd1234
Pussy0084,Abcd1234
Pussy0085,Abcd1234
Pussy0086,Abcd1234
Pussy0087,Abcd1234
Pussy0088,Abcd1234
Pussy0089,Abcd1234
Pussy0090,Abcd1234
Pussy0091,Abcd1234
Pussy0092,Abcd1234
Pussy0093,Abcd1234
Pussy0094,Abcd1234
Pussy0095,Abcd1234
Pussy0096,Abcd1234
Pussy0097,Abcd1234
Pussy0098,Abcd1234
Pussy0099,Abcd1234
Pussy0100,Abcd1234